{"data":{"m_def":"../upload/raw/STS.scheme.archive.yaml#/definitions/section_definitions/0","reader":"stm","nxdl":"NXsts","input_files":["config_file_for_sxm.json","STM_nanonis_generic_5e.sxm","eln_data.yaml"],"definition":"NXsts","experiment_type":"stm","type":"background","collection_identifier":"TiSe2_2303a_annealing_300C_5min_evaporate_Pyrene_1_","Instrument":{"software":{"version":"Generic 5e","vendor":"nanonis","rt_release":"10771","ui_release":"10771"},"lock_in":{"lock_in_data_flip_number":-1,"status":"OFF","modulation_frequency":973,"modulation_amplitude":0.005},"hardware":{"name":"Nanonis"},"stm_head_temp":5.04866,"sample_bias":{"bias":0.005,"bias_calibration":1,"bias_offset":"0"},"piezo_config":{"active_calib":"LHe"}},"experiment_identifier":"C:\\Users\\SPM-PEEM\\Desktop\\DATA_Nanonis\\20220711_CreaTec_Service_Benchmarks_LHe\\Nanonis-Session-PMD100-HVHU_CreaTec_Service_PalmaLabBerlin220711","experiment_description":"A new TiSe2, annealed at 300 C for 5 min, then cool down to RT, evaporate the Pyrene on RT, 2.2 E -7, totally 10 s.","entry_identifier":"TiSe2_2303a_annealing_300C_5min_evaporate_Pyrene_1_0070"}}